{
  "roundtrip_h2p2h": {
    "2": {
      "mean_error": 4.999798416970809e-10,
      "std_error": 2.7431877093554147e-10,
      "max_error": 1.5281706768364792e-09,
      "pass": true
    },
    "4": {
      "mean_error": 6.925835938552305e-10,
      "std_error": 3.435958047488133e-10,
      "max_error": 1.6359931248582976e-09,
      "pass": true
    },
    "8": {
      "mean_error": 1.1421594578570383e-09,
      "std_error": 4.1235286073874554e-10,
      "max_error": 2.3715864524466677e-09,
      "pass": true
    },
    "16": {
      "mean_error": 1.896985642101907e-09,
      "std_error": 5.471530723380122e-10,
      "max_error": 3.6701195968155445e-09,
      "pass": true
    },
    "32": {
      "mean_error": 3.4895005944109745e-09,
      "std_error": 6.745398293304062e-10,
      "max_error": 5.212787660103015e-09,
      "pass": true
    },
    "64": {
      "mean_error": 6.1912312866706966e-09,
      "std_error": 8.685144564810748e-10,
      "max_error": 9.477622324560452e-09,
      "pass": true
    }
  },
  "roundtrip_p2h2p": {
    "2": {
      "mean_error": 1.6976247048106073e-08,
      "std_error": 2.4252081450902068e-08,
      "max_error": 6.664001972467304e-08,
      "pass": true
    },
    "4": {
      "mean_error": 2.4450715274682012e-08,
      "std_error": 2.4684194070477228e-08,
      "max_error": 7.450580596923828e-08,
      "pass": true
    },
    "8": {
      "mean_error": 2.2330065787556917e-08,
      "std_error": 2.097518412641907e-08,
      "max_error": 8.592428457632195e-08,
      "pass": true
    },
    "16": {
      "mean_error": 2.7327481433303547e-08,
      "std_error": 1.8141206613929827e-08,
      "max_error": 8.710729559879837e-08,
      "pass": true
    },
    "32": {
      "mean_error": 2.6576709388770325e-08,
      "std_error": 1.7410818096155188e-08,
      "max_error": 6.684956588287605e-08,
      "pass": true
    },
    "64": {
      "mean_error": 3.027431127899938e-08,
      "std_error": 1.6134104003187498e-08,
      "max_error": 8.17352443505115e-08,
      "pass": true
    }
  },
  "distance_preservation": {
    "2": {
      "mean_error": 2.6873456404619135e-10,
      "std_error": 4.8318821048778723e-11,
      "max_error": 4.637534800622234e-10,
      "pass": true
    },
    "4": {
      "mean_error": 3.499058742750805e-10,
      "std_error": 7.904365242191777e-11,
      "max_error": 5.814655423819204e-10,
      "pass": true
    },
    "8": {
      "mean_error": 4.991466195924942e-10,
      "std_error": 1.0989580859994765e-10,
      "max_error": 8.753415770001993e-10,
      "pass": true
    },
    "16": {
      "mean_error": 7.74091759581097e-10,
      "std_error": 1.1604052358524865e-10,
      "max_error": 1.0285705620560748e-09,
      "pass": true
    },
    "32": {
      "mean_error": 1.2651659364593115e-09,
      "std_error": 1.8183633783089312e-10,
      "max_error": 1.7741026425710515e-09,
      "pass": true
    },
    "64": {
      "mean_error": 2.2170314917246968e-09,
      "std_error": 2.126474449510372e-10,
      "max_error": 2.903684404031992e-09,
      "pass": true
    }
  },
  "tangent_conversion": {
    "2": {
      "mean_error": 3.3928066669715546,
      "std_error": 7.805568558096697,
      "max_error": 74.74329067307485,
      "pass": false
    },
    "4": {
      "mean_error": 3.576729993145059,
      "std_error": 4.654865299087164,
      "max_error": 39.11662874426459,
      "pass": false
    },
    "8": {
      "mean_error": 22.73179645980128,
      "std_error": 29.993200792767823,
      "max_error": 160.5927837359094,
      "pass": false
    },
    "16": {
      "mean_error": 77.34606675272722,
      "std_error": 104.38092069707827,
      "max_error": 700.8433221510792,
      "pass": false
    },
    "32": {
      "mean_error": 203.29954399436483,
      "std_error": 182.5296236907358,
      "max_error": 868.1302132182481,
      "pass": false
    },
    "64": {
      "mean_error": 592.8059789219132,
      "std_error": 498.07465072264944,
      "max_error": 2277.2353504028833,
      "pass": false
    }
  },
  "exp_map_consistency": {
    "2": {
      "mean_error": 0.7461555197006849,
      "std_error": 0.9201895531964847,
      "max_error": 4.05963674820697,
      "pass": false
    },
    "4": {
      "mean_error": 3.8371935694463923,
      "std_error": 17.37484263836251,
      "max_error": 174.93302265927431,
      "pass": false
    },
    "8": {
      "mean_error": 5.743231262700123,
      "std_error": 9.596610353465147,
      "max_error": 69.81969223680602,
      "pass": false
    },
    "16": {
      "mean_error": 39.01103515430044,
      "std_error": 127.91767714073482,
      "max_error": 834.7026497984098,
      "pass": false
    },
    "32": {
      "mean_error": 5048.000273044725,
      "std_error": 22433.470360010306,
      "max_error": 141415.40662273573,
      "pass": false
    },
    "64": {
      "mean_error": 29432.91159082562,
      "std_error": 52017.52156451734,
      "max_error": 141415.27376547255,
      "pass": false
    }
  },
  "single_point_speed": {
    "2": {
      "h2p_mean_ms": 0.008230389848904451,
      "h2p_std_ms": 0.0016556157932844755,
      "h2p_min_ms": 0.007839998943381943,
      "p2h_mean_ms": 0.022420400055125356,
      "p2h_std_ms": 0.001986705538771002,
      "p2h_min_ms": 0.021570000171777792
    },
    "4": {
      "h2p_mean_ms": 0.008118979894788936,
      "h2p_std_ms": 0.00017304980106335434,
      "h2p_min_ms": 0.007910000931588002,
      "p2h_mean_ms": 0.024536249966331525,
      "p2h_std_ms": 0.0214632099581714,
      "p2h_min_ms": 0.021550000383285806
    },
    "8": {
      "h2p_mean_ms": 0.008092309853964252,
      "h2p_std_ms": 0.00017257042690568348,
      "h2p_min_ms": 0.007869999535614625,
      "p2h_mean_ms": 0.02434183001241763,
      "p2h_std_ms": 0.018667364999114547,
      "p2h_min_ms": 0.021379999452619813
    },
    "16": {
      "h2p_mean_ms": 0.008102759984467411,
      "h2p_std_ms": 0.00014186776581518582,
      "h2p_min_ms": 0.007899998308857903,
      "p2h_mean_ms": 0.022237630055315094,
      "p2h_std_ms": 0.0019143552656451495,
      "p2h_min_ms": 0.02133999987563584
    },
    "32": {
      "h2p_mean_ms": 0.008202589997381438,
      "h2p_std_ms": 0.00016216777820786822,
      "h2p_min_ms": 0.008000000889296643,
      "p2h_mean_ms": 0.022557950014743255,
      "p2h_std_ms": 0.0018030810977545358,
      "p2h_min_ms": 0.021690000721719116
    },
    "64": {
      "h2p_mean_ms": 0.008249200036516413,
      "h2p_std_ms": 0.00020273847332081112,
      "h2p_min_ms": 0.007990000085555948,
      "p2h_mean_ms": 0.022368390109477332,
      "p2h_std_ms": 0.0010705575208875872,
      "p2h_min_ms": 0.021670999558409676
    }
  },
  "batch_speed": {
    "8": {
      "1": {
        "mean_ms": 0.00795408019257593,
        "std_ms": 0.00017232086295549678,
        "throughput_per_sec": 125721.63918253758,
        "per_point_us": 7.95408019257593
      },
      "10": {
        "mean_ms": 0.008273369985545287,
        "std_ms": 0.00015233096270890673,
        "throughput_per_sec": 1208697.3044202512,
        "per_point_us": 0.8273369985545287
      },
      "100": {
        "mean_ms": 0.0086166800429055,
        "std_ms": 0.00013846474320361013,
        "throughput_per_sec": 11605397.844885107,
        "per_point_us": 0.086166800429055
      },
      "1000": {
        "mean_ms": 0.011848820086015621,
        "std_ms": 0.0008088430136542112,
        "throughput_per_sec": 84396589.08993258,
        "per_point_us": 0.011848820086015621
      }
    },
    "16": {
      "1": {
        "mean_ms": 0.008084080091066426,
        "std_ms": 0.000176727016145756,
        "throughput_per_sec": 123699.91251139165,
        "per_point_us": 8.084080091066426
      },
      "10": {
        "mean_ms": 0.008244289965659846,
        "std_ms": 0.00010763398018083602,
        "throughput_per_sec": 1212960.7330228873,
        "per_point_us": 0.8244289965659846
      },
      "100": {
        "mean_ms": 0.008937590100686066,
        "std_ms": 0.00013418815049913823,